<?xml version="1.0" encoding="UTF-8"?>
<project-private xmlns="http://www.netbeans.org/ns/project-private/1">
    <editor-bookmarks xmlns="http://www.netbeans.org/ns/editor-bookmarks/2" lastBookmarkId="0"/>
    <open-files xmlns="http://www.netbeans.org/ns/projectui-open-files/2">
        <group>
            <file>file:/C:/xampp/htdocs/phpProjectA1copy/product_catalog/product_view.php</file>
            <file>file:/C:/xampp/htdocs/phpProjectA1copy/cart/add_item_view.php</file>
            <file>file:/C:/xampp/htdocs/phpProjectA1copy/product_catalog/index.php</file>
            <file>file:/C:/xampp/htdocs/phpProjectA1copy/product_catalog/product_list.php</file>
            <file>file:/C:/xampp/htdocs/phpProjectA1copy/cart/cart_view.php</file>
            <file>file:/C:/xampp/htdocs/phpProjectA1copy/cart/cart.php</file>
            <file>file:/C:/xampp/htdocs/phpProjectA1copy/cart/index.php</file>
            <file>file:/C:/xampp/htdocs/phpProjectA1copy/index.php</file>
        </group>
    </open-files>
</project-private>
