<?xml version="1.0" encoding="UTF-8"?>
<project-private xmlns="http://www.netbeans.org/ns/project-private/1">
    <editor-bookmarks xmlns="http://www.netbeans.org/ns/editor-bookmarks/2" lastBookmarkId="0"/>
    <open-files xmlns="http://www.netbeans.org/ns/projectui-open-files/2">
        <group>
            <file>file:/Applications/XAMPP/htdocs/PhpProject1_CVIEW4/view/header.php</file>
            <file>file:/Applications/XAMPP/htdocs/PhpProject1_CVIEW4/cart/index.php</file>
            <file>file:/Applications/XAMPP/htdocs/PhpProject1_CVIEW4/index.php</file>
            <file>file:/Applications/XAMPP/htdocs/PhpProject1_CVIEW4/product_catalog/product_list.php</file>
            <file>file:/Applications/XAMPP/htdocs/PhpProject1_CVIEW4/cart/cart.php</file>
            <file>file:/Applications/XAMPP/htdocs/PhpProject1_CVIEW4/product_catalog/index.php</file>
            <file>file:/Applications/XAMPP/htdocs/PhpProject1_CVIEW4/cart/cart_view.php</file>
        </group>
    </open-files>
</project-private>
