<?xml version="1.0" encoding="UTF-8"?>
<project-private xmlns="http://www.netbeans.org/ns/project-private/1">
    <editor-bookmarks xmlns="http://www.netbeans.org/ns/editor-bookmarks/2" lastBookmarkId="0"/>
    <open-files xmlns="http://www.netbeans.org/ns/projectui-open-files/2">
        <group>
            <file>file:/C:/xampp/htdocs/PhpProject1CatalogView/cart/cart_view.php</file>
            <file>file:/C:/xampp/htdocs/PhpProject1CatalogView/product_list.php</file>
            <file>file:/C:/xampp/htdocs/PhpProject1CatalogView/model/category_db.php</file>
            <file>file:/C:/xampp/htdocs/PhpProject1CatalogView/view/footer.php</file>
            <file>file:/C:/xampp/htdocs/PhpProject1CatalogView/view/header.php</file>
            <file>file:/C:/xampp/htdocs/PhpProject1CatalogView/index.php</file>
            <file>file:/C:/xampp/htdocs/PhpProject1CatalogView/model/product_db.php</file>
            <file>file:/C:/xampp/htdocs/PhpProject1CatalogView/view/category_nav.php</file>
            <file>file:/C:/xampp/htdocs/PhpProject1CatalogView/product_view.php</file>
            <file>file:/C:/xampp/htdocs/PhpProject1CatalogView/cart/cart.php</file>
            <file>file:/C:/xampp/htdocs/PhpProject1CatalogView/cart/index.php</file>
            <file>file:/C:/xampp/htdocs/PhpProject1CatalogView/model/database.php</file>
        </group>
    </open-files>
</project-private>
